Player,Club,POS,GP,GS,A,GWA,HmA,RdA,A/90min
Steve Ralston,NE,M,27,27,19,5,6,13,0.7
Carlos Valderrama,COL,M,27,27,16,6,10,6,0.58
Andy Williams,MET,M,24,19,15,4,9,6,0.74
Cobi Jones,LA,M,19,18,13,4,10,3,0.71
Antonio Martinez,DAL,F-M,26,19,10,2,7,3,0.51
Preki,KC,M,25,24,10,2,5,5,0.42
Simon Elliott,LA,M,26,26,10,5,6,4,0.38
Mark Chung,COL,M,27,27,10,2,6,4,0.37
Joselito Vaca,DAL,M,25,23,9,4,3,6,0.4
Ramiro Corrales,SJ,M,28,26,9,3,7,2,0.34
Dwayne De Rosario,SJ,M,27,18,8,4,7,1,0.44
Mauricio Cienfuegos,LA,M,23,22,8,3,3,5,0.38
Brian West,CLB,M-F,24,22,8,2,3,5,0.37
Petter Villegas,DC,M,25,21,8,1,6,2,0.37
Dema Kovalenko,CHI,M,23,23,8,3,5,3,0.35
Ezra Hendrickson,LA,D,23,23,8,1,6,2,0.35
Ante Razov,CHI,F,25,24,8,4,4,4,0.34
Marco Etcheverry,DC,M,24,23,8,3,6,2,0.34
Richard Mulrooney,SJ,M,26,26,8,2,3,5,0.31
Ronnie Ekelund,SJ,M,27,27,8,2,6,2,0.31
Chris Henderson,COL,M,28,28,7,2,4,3,0.26
Jesse Marsch,CHI,M,28,28,7,1,2,5,0.25
Ronald Cerritos,DAL,F,23,11,6,3,4,2,0.45
Brian Kamler,MET,M,24,20,6,2,4,2,0.32
Bobby Rhine,DAL,M,27,19,6,1,3,3,0.32
Stephen Armstrong,KC,M,26,15,6,2,4,2,0.3
Ted Chronopoulos,MET,D,23,21,6,1,4,2,0.29
Oscar Pareja,DAL,M,24,23,6,4,4,2,0.27
Brian Maisonneuve,CLB,M,26,26,6,3,4,2,0.24
Jay Heaps,NE,D,27,26,6,0,2,4,0.23
Taylor Twellman,NE,F,28,26,6,1,3,3,0.22
Wade Barrett,SJ,D,28,28,6,3,5,1,0.21
Raul Palacios,COL,M,16,8,5,3,5,0,0.54
Josh Wolff,CHI,F,14,14,5,2,3,2,0.37
Brian McBride,CLB,F,14,14,5,1,2,3,0.36
Edson Buddle,CLB,F,21,13,5,1,1,4,0.35
Kyle Martino,CLB,M,22,15,5,1,3,2,0.31
Igor Simutenkov,KC,M-F,19,17,5,1,1,4,0.3
Mamadou Diallo,MET,F,24,21,5,2,2,3,0.28
Kelly Gray,CHI,D-M,25,20,5,2,3,2,0.25
Chris Carrieri,COL,F,25,18,5,1,5,0,0.25
Tyrone Marshall,LA,D,24,19,5,1,2,3,0.24
Jeff Cunningham,CLB,F,27,21,5,3,2,3,0.23
Sasha Victorine,LA,M,25,22,5,1,3,2,0.23
Joe Franchino,NE,M,23,23,5,1,3,2,0.22
Chris Klein,KC,M,25,25,5,1,5,0,0.21
Rodrigo Faria,MET,F,28,25,5,3,3,2,0.2
Ariel Graziani,SJ,F,28,26,5,1,3,2,0.2
Gavin Glinton,LA,F,22,6,4,0,3,1,0.46
Diego Serna,MET,F,13,10,4,0,4,0,0.38
Santino Quaranta,DC,M-F,11,11,4,0,3,1,0.38
John Spencer,COL,F,16,13,4,0,2,2,0.31
Jaime Moreno,DC,F,16,14,4,1,4,0,0.31
Francisco Gomez,KC,M,20,13,4,2,3,1,0.29
John Wilmar Perez,CLB,M,20,13,4,1,1,3,0.29
Peter Nowak,CHI,M,16,16,4,1,3,1,0.26
Duncan Oughton,CLB,D,20,17,4,0,3,1,0.22
Manny Lagos,SJ,M,26,20,4,1,2,2,0.21
DaMarcus Beasley,HOU,D,19,19,4,1,3,1,0.21
Eric Denton,CLB,D,23,22,4,1,1,3,0.19
Chad Deering,DAL,M,27,22,4,2,2,2,0.17
Jason Kreis,DAL,M,27,26,4,2,3,1,0.16
Paul Broome,DAL,M,25,25,4,1,2,2,0.16
Alexi Lalas,LA,D,26,26,4,1,2,2,0.15
Ian Fuller,NE,F,11,5,3,2,2,1,0.61
Hristo Stoitchkov,CHI,F,16,6,3,2,2,1,0.39
Tab Ramos,MET,M,14,12,3,0,2,1,0.29
Dario Fabbro,KC,F,16,16,3,0,1,2,0.24
Brad Davis,MET,M,24,12,3,1,2,1,0.22
Pablo Mastroeni,COL,M,15,15,3,1,2,1,0.2
Peter Vagenas,LA,M,17,16,3,1,1,2,0.19
Jeff Moore,MET,M,18,17,3,1,1,2,0.18
Chris Brown,KC,M-F,28,14,3,0,2,1,0.18
Ryan Nelsen,DC,D,20,17,3,0,3,0,0.17
Landon Donovan,SJ,M-F,20,18,3,2,3,0,0.16
Jeff Stewart,COL,D,23,20,3,2,3,0,0.16
Diego Gutierrez,KC,D,22,21,3,2,3,0,0.14
C.J. Brown,CHI,D,24,24,3,0,1,2,0.13
Bobby Convey,DC,M,26,25,3,2,3,0,0.12
Jimmy Conrad,SJ,D,25,25,3,1,2,1,0.12
Carlos Bocanegra,CHI,D,26,26,3,0,2,1,0.12
Daniel Hernandez,MET,M,28,25,3,0,2,1,0.12
Richie Williams,DC,M,26,25,3,1,2,1,0.12
Freddy Garcia,CLB,M,5,1,2,0,0,2,0.84
Robert Warzycha,CLB,M,15,3,2,1,1,1,0.36
Ronnie O'Brien,DAL,M,11,4,2,0,1,1,0.36
Alejandro Moreno,LA,F,12,7,2,2,2,0,0.32
Eliseo Quintanilla,DC,F-M,9,9,2,0,2,0,0.25
John Harkes,CLB,M,11,7,2,0,1,1,0.24
Winston Griffiths,LA,M,17,10,2,0,1,1,0.24
Zach Kingsley,COL,M,15,10,2,0,2,0,0.18
Alex Pineda Chacon,NE,M,20,9,2,1,1,1,0.18
Brian Mullan,LA,D,21,10,2,0,2,0,0.18
Clint Mathis,MET,M,14,14,2,1,0,2,0.16
Dante Washington,CLB,F,21,12,2,0,1,1,0.16
Matt McKeon,KC,D,23,10,2,1,1,1,0.16
Chad McCarty,CLB,D,18,13,2,0,0,2,0.15
Ian Russell,SJ,D,24,15,2,0,1,1,0.13
Jorge Rodriguez,DAL,M-D,22,17,2,0,0,2,0.11
Jim Rooney,NE,M,20,20,2,1,2,0,0.1
Ritchie Kotschau,COL,D,23,19,2,1,2,0,0.1
Ivan McKinley,DC,D-M,23,23,2,1,1,1,0.1
Ryan Suarez,DAL,D,24,24,2,1,2,0,0.09
Wes Hart,COL,D-M,27,25,2,1,2,0,0.09
Milton Reyes,DC,D-M,24,24,2,0,2,0,0.08
Ross Paule,MET,M,26,26,2,0,2,0,0.08
Leo Cullen,NE,M,28,27,2,0,2,0,0.07
Kerry Zavagnin,KC,M,27,27,2,1,1,1,0.07
Nick Garcia,KC,D,27,27,2,0,1,1,0.07
Todd Yeagley,CLB,M,3,1,1,0,1,0,1.22
Marvin Quijano,COL,F,6,0,1,1,0,1,1.17
Hamisi Amani-Dove,DAL,F,6,0,1,0,0,1,0.89
Carl Bussey,DAL,M,9,1,1,0,0,1,0.49
Eddie Johnson,DAL,F,11,2,1,0,0,1,0.28
Chris Armas,CHI,M,4,4,1,1,0,1,0.26
Jesus Ochoa,LA,M,9,4,1,0,0,1,0.26
Kyle Beckerman,RSL,M,14,5,1,0,1,0,0.19
Braeden Cloutier,NE,M,11,7,1,0,1,0,0.15
Carlos Semedo,NE,D,9,8,1,0,1,0,0.14
Ben Olsen,DC,M,10,7,1,0,1,0,0.13
Billy Walsh,CHI,M,13,9,1,1,1,0,0.12
Billy Sleeth,CHI,D,13,7,1,1,0,1,0.11
Ali Curtis,DC,F,20,6,1,0,0,1,0.11
Chris Albright,LA,D,15,9,1,1,1,0,0.11
Craig Waibel,LA,D,12,9,1,0,0,1,0.1
Mark Lisi,DC,M,23,6,1,0,0,1,0.1
Jose Alegria,DC,M,14,11,1,0,0,1,0.1
Joseph Addo,MET,D,15,10,1,0,0,1,0.1
Eric Quill,KC,F,16,13,1,1,0,1,0.09
Carlos Llamosa,NE,D,14,13,1,0,0,1,0.09
Zak Ibsen,SJ,M,17,10,1,0,1,0,0.08
Troy Dayak,SJ,D,15,14,1,1,0,1,0.07
David Vaudreuil,CHI,D,17,14,1,0,1,0,0.07
Eddie Robinson,SJ,D,19,16,1,0,1,0,0.06
Eddie Pope,DC,D,17,16,1,0,0,1,0.06
Carey Talley,KC,D,24,19,1,0,1,0,0.05
Mike Burns,KC,M,24,21,1,0,0,1,0.05
Daniel Torres,CLB,D,25,23,1,1,0,1,0.04
Rick Titus,COL,D,25,25,1,0,0,1,0.04
Steve Jolley,MET,D,27,26,1,1,0,1,0.04
Carlos Ruiz,LA,F,26,26,1,1,1,0,0.04
Brian Dunseth,CLB,D,27,26,1,1,0,1,0.04
Robin Fraser,COL,D,28,27,1,0,0,1,0.04
Tony Frias,NE,M,0,0,0,0,0,0,0.0
Jose Burciaga Jr.,KC,D,0,0,0,0,0,0,0.0
Martin Klinger,MET,F,0,0,0,0,0,0,0.0
Scott Bower,SJ,M,0,0,0,0,0,0,0.0
David Hayes,CHI,F,0,0,0,0,0,0,0.0
Leighton O'Brien,SJ,M,0,0,0,0,0,0,0.0
Scott Powers,NE,M,0,0,0,0,0,0,0.0
Leo Krupnik,MET,D,0,0,0,0,0,0,0.0
McKinley Tennyson,LA,M,0,0,0,0,0,0,0.0
Marshall Leonard,NE,M,0,0,0,0,0,0,0.0
Josue Mayard,DAL,D,0,0,0,0,0,0,0.0
Miguel Saavedra,CHI,M,0,0,0,0,0,0,0.0
Brian Piesner,MET,M,1,0,0,0,0,0,0.0
Steve Shak,COL,D,1,0,0,0,0,0,0.0
Dipsy Selolwane,CHI,F,1,0,0,0,0,0,0.0
Marcelo Balboa,MET,D,1,0,0,0,0,0,0.0
Jeff Matteo,CLB,M,1,0,0,0,0,0,0.0
Danny Jackson,COL,D,1,0,0,0,0,0,0.0
John Wilson,MET,D,1,0,0,0,0,0,0.0
Aleksey Korol,CHI,F,1,0,0,0,0,0,0.0
Alex Bengard,LA,M,4,0,0,0,0,0,0.0
Justin Mapp,DC,M,3,0,0,0,0,0,0.0
Chris Roner,SJ,M,4,0,0,0,0,0,0.0
Dennis Ludwig,DC,F,2,0,0,0,0,0,0.0
Musa Shannon,COL,M-F,1,0,0,0,0,0,0.0
Seth Trembly,COL,M-D,4,0,0,0,0,0,0.0
Davy Arnaud,KC,M,3,0,0,0,0,0,0.0
Luchi Gonzalez,SJ,F,8,0,0,0,0,0,0.0
Darin Lewis,MET,F,3,1,0,0,0,0,0.0
Mike Nugent,CHI,F,4,0,0,0,0,0,0.0
Dustin Sheppard,MET,F,2,0,0,0,0,0,0.0
Johnny Torres,CHI,F,2,0,0,0,0,0,0.0
Jordan Stone,DAL,M,4,1,0,0,0,0,0.0
Craig Capano,CHI,M,4,1,0,0,0,0,0.0
Lee Morrison,DAL,D,3,1,0,0,0,0,0.0
Barry Alvarez,MET,M-F,8,0,0,0,0,0,0.0
Evan Whitfield,CHI,D,2,2,0,0,0,0,0.0
Shaker Asad,NE,M,6,1,0,0,0,0,0.0
Mike Lapper,CLB,D,4,1,0,0,0,0,0.0
Chris Brunt,KC,D,5,2,0,0,0,0,0.0
Gary Glasgow,KC,F,3,2,0,0,0,0,0.0
John Wolyniec,CHI,F,2,2,0,0,0,0,0.0
Matt Behncke,DAL,D,3,2,0,0,0,0,0.0
Amos Magee,CHI,F,5,3,0,0,0,0,0.0
Birahim Diop,MET,M,4,3,0,0,0,0,0.0
Henry Zambrano,DC,F,5,3,0,0,0,0,0.0
Percy Olivares,DAL,M,6,2,0,0,0,0,0.0
Abdul Thompson Conteh,DC,F,5,5,0,0,0,0,0.0
Jason Moore,CHI,M,10,2,0,0,0,0,0.0
Devin Barclay,SJ,F,12,2,0,0,0,0,0.0
Nelson Akwari,MET,D,7,3,0,0,0,0,0.0
Sam Forko,MET,D,9,3,0,0,0,0,0.0
Bryan Namoff,DC,D,11,5,0,0,0,0,0.0
Imad Baba,COL,M,10,4,0,0,0,0,0.0
Sergi Daniv,CHI,M,8,5,0,0,0,0,0.0
Roy Lassiter,DC,F,14,4,0,0,0,0,0.0
Richard Farrer,DAL,D,8,7,0,0,0,0,0.0
Nick Downing,NE,D,12.0,5.0,0.0,0.0,0.0,0.0,0.0
Daouda Kante,NE,D,8.0,8.0,0.0,0.0,0.0,0.0,0.0
Jeff Agoos,SJ,D,12.0,9.0,0.0,0.0,0.0,0.0,0.0
Stephen Herdsman,COL,D,13.0,9.0,0.0,0.0,0.0,0.0,0.0
Adam Frye,LA,D,20.0,10.0,0.0,0.0,0.0,0.0,0.0
Chris Leitch,CLB,D,13.0,11.0,0.0,0.0,0.0,0.0,0.0
Lazo Alavanja,DC,M,17.0,10.0,0.0,0.0,0.0,0.0,0.0
Wolde Harris,NE,F,22.0,11.0,0.0,0.0,0.0,0.0,0.0
Rusty Pierce,NE,D,14.0,13.0,0.0,0.0,0.0,0.0,0.0
Orlando Perez,CHI,D,21.0,11.0,0.0,0.0,0.0,0.0,0.0
Peter Vermes,KC,D,13.0,13.0,0.0,0.0,0.0,0.0,0.0
Mike Clark,CLB,D,21.0,19.0,0.0,0.0,0.0,0.0,0.0
Craig Ziadie,DC,D,21.0,18.0,0.0,0.0,0.0,0.0,0.0
Danny Califf,LA,D,25.0,23.0,0.0,0.0,0.0,0.0,0.0
Jim Curtin,CHI,D,24.0,22.0,0.0,0.0,0.0,0.0,0.0
Steve Morrow,DAL,D,24.0,24.0,0.0,0.0,0.0,0.0,0.0
Tenywa Bonseu,DAL,D,27.0,27.0,0.0,0.0,0.0,0.0,0.0
Brandon Prideaux,DC,D,27.0,26.0,0.0,0.0,0.0,0.0,0.0
Mike Petke,MET,D,27.0,27.0,0.0,0.0,0.0,0.0,0.0
Chris Gbandi,nan,D,nan,nan,nan,nan,nan,nan,0.0
Isaias Bardales Jr.,nan,F,nan,nan,nan,nan,nan,nan,0.0
Stats Unavailable,nan,nan,nan,nan,nan,nan,nan,nan,nan
